artist;song;duration_ms;year;tempo;genre;energy;key;loudness
Britney Spears;Me Against the Music (feat. Madonna) - LP Version / Video Mix;223773;2003;120.046;pop;0.836;6;-6.635
M83;Midnight City;243960;2011;105.013;rock, pop, metal, Dance/Electronic;0.729;11;-5.399
Eiffel 65;Move Your Body - Gabry Ponte Original Radio Edit;268863;1999;129.962;pop;0.958;7;-9.664
JAY-Z;Ni**as In Paris;219333;2011;140.022;hip hop;0.858;1;-5.542
Ariana Grande;Into You;244453;2016;107.853;pop;0.734;9;-5.948
Camila Cabello;Havana (feat. Young Thug);216896;2017;104.992;pop;0.517;7;-4.323
Katy Perry;The One That Got Away;227333;2012;133.962;pop;0.792;1;-4.023
Linkin Park;Numb;185586;2003;110.018;rock, metal;0.863;9;-4.153
Mariah Carey;Loverboy;229173;2001;103.141;pop, R&B;0.79;1;-4.125
P!nk;Get the Party Started;192533;2001;128.93;pop;0.903;11;-3.267
Tom Odell;Another Love;244360;2013;122.769;pop;0.537;4;-8.532
Gavin DeGraw;In Love With a Girl;206000;2008;161.905;pop, Folk/Acoustic;0.906;3;-4.8
A Boogie Wit da Hoodie;Look Back at It;179449;2018;96.057;hip hop;0.587;3;-5.075
Creed;With Arms Wide Open;274800;1999;138.852;pop, rock, metal;0.539;0;-8.412
Mary Mary;Shackles (Praise You);198346;2000;100.46;R&B;0.834;7;-2.773
Missy Elliott;4 My People (feat. Eve);289373;2001;121.392;hip hop, pop, R&B;0.701;1;-7.503
The Script;Superheroes;245466;2014;166.996;pop, rock;0.885;3;-4.121
Drake;Headlines;235986;2011;151.894;hip hop, pop, R&B;0.566;6;-7.16
Rudimental;Waiting All Night (feat. Ella Eyre);292586;2013;174.983;pop, Dance/Electronic;0.728;6;-5.358
Zara Larsson;Ain't My Fault;224030;2017;141.153;pop, Dance/Electronic;0.782;6;-4.825
Evanescence;Call Me When You're Sober;214706;2006;93.41;metal;0.883;7;-4.094
Mustard;Pure Water (with Migos);192470;2019;202.015;hip hop, pop;0.559;0;-5.545
Avicii;Hey Brother;255093;2013;125.014;pop, Dance/Electronic;0.78;7;-4.867
Beyoncé;Sweet Dreams;208066;2008;121.949;pop, R&B;0.825;1;-5.986
Olly Murs;Heart Skips a Beat (feat. Rizzle Kicks);202266;2011;110.621;pop, Dance/Electronic;0.881;9;-3.951
Lily Allen;Smile;196893;2006;95.506;pop;0.639;5;-5.938
Cassie;Me & U;192213;2006;99.99;pop, R&B;0.454;8;-4.802
G-Eazy;Me, Myself & I;251466;2015;111.995;hip hop, pop;0.674;0;-6.518
Wiley;Boasty (feat. Idris Elba);177185;2019;102.958;hip hop, Dance/Electronic;0.765;2;-5.207
Kodak Black;Tunnel Vision;268186;2017;171.853;hip hop;0.489;11;-7.724
Fergie;Fergalicious;292373;2006;129.055;pop, R&B;0.584;8;-7.72
Olly Murs;Troublemaker (feat. Flo Rida);185586;2012;106.008;pop, Dance/Electronic;0.863;0;-3.689
AJ Tracey;Ladbroke Grove;190537;2019;133.986;hip hop, Dance/Electronic;0.839;11;-9.447
Calvin Harris;Bounce (feat. Kelis) - Radio Edit;222186;2012;127.941;hip hop, pop, Dance/Electronic;0.963;2;-2.125
MIKA;Love Today;235173;2006;124.484;pop;0.913;4;-4.981
Robin Schulz;Sugar (feat. Francesco Yates);219043;2015;123.063;pop, Dance/Electronic;0.815;5;-5.098
Yolanda Be Cool;We No Speak Americano (JT Radio Edit);157438;2010;124.996;Dance/Electronic;0.805;6;-5.005
Calvin Harris;I Need Your Love (feat. Ellie Goulding);234506;2012;124.989;hip hop, pop, Dance/Electronic;0.869;8;-5.066
Mark Ronson;Valerie (feat. Amy Winehouse) - Version Revisited;219413;2007;105.828;pop;0.844;1;-4.789
Ariana Grande;Love Me Harder;236133;2014;98.992;pop;0.714;1;-4.389
Scooter;The Logical Song;234116;2013;144.043;pop, Dance/Electronic;0.933;6;-6.277
Rihanna;Only Girl (In The World);235493;2010;125.906;hip hop, pop, R&B;0.716;11;-4.241
Meghan Trainor;Lips Are Movin;182666;2015;139.091;pop;0.825;7;-5.402
Cashmere Cat;Miss You (with Major Lazer & Tory Lanez);186231;2018;100.028;pop, rock;0.641;1;-4.502
Tory Lanez;LUV;228640;2016;95.109;hip hop, pop, R&B;0.541;11;-8.128
Calvin Harris;One Kiss (with Dua Lipa);214846;2018;123.994;hip hop, pop, Dance/Electronic;0.862;9;-3.24
Gary Jules;Mad World (Feat. Michael Andrews);189506;2001;174.117;pop;0.0581;3;-17.217
Adele;Chasing Pavements;210506;2008;80.045;pop, R&B;0.47;5;-6.09
Debelah Morgan;Dance with Me;220106;2000;115.005;pop, R&B;0.674;7;-7.981
Da Brat;What'chu Like (feat. Tyrese);221160;2000;99.974;hip hop, pop, R&B;0.681;10;-8.951
Doja Cat;Juicy;202333;2019;170.037;pop;0.658;0;-2.61
Fall Out Boy;My Songs Know What You Did In The Dark (Light Em Up);186826;2013;151.99;rock;0.924;9;-4.341
Girls Aloud;Sound Of The Underground;221426;2003;163.944;pop, Dance/Electronic;0.867;11;-5.861
Beyoncé;Irreplaceable;227853;2007;175.868;pop, R&B;0.694;7;-4.637
Nelly;Shake Ya Tailfeather (feat. P. Diddy & Murphy Lee) - 2016 Remaster;293666;2016;87.025;hip hop, pop, R&B;0.808;1;-4.749
Mumford & Sons;Little Lion Man;245173;2009;138.585;Folk/Acoustic, rock, pop;0.492;5;-8.05
Mary J. Blige;Just Fine;242133;2007;123.021;pop, R&B;0.795;11;-3.61
DJ Ötzi;Hey Baby (Radio Mix);219240;2010;135.099;pop, easy listening, Dance/Electronic;0.968;10;-3.196
Calvin Harris;Summer;224506;2014;127.962;hip hop, pop, Dance/Electronic;0.861;4;-3.565
Hoobastank;The Reason;232800;2003;82.952;pop, rock, metal;0.671;4;-4.649
Kandi;Don't Think I'm Not;243533;2000;134.007;pop, R&B;0.622;11;-8.196
Toni Braxton;He Wasn't Man Enough;261933;2000;88.009;pop, R&B;0.947;11;-1.916
Afroman;Because I Got High;197760;2001;166.01;hip hop;0.341;7;-8.56
Drake;In My Feelings;217925;2018;91.03;hip hop, pop, R&B;0.626;1;-5.833
Eminem;Sing For The Moment;339546;2002;163.961;hip hop;0.824;5;-4.164
MNEK;Never Forget You;213427;2015;145.992;Dance/Electronic;0.732;11;-5.728
Kaiser Chiefs;Everyday I Love You Less And Less;217706;2005;160.028;rock;0.956;1;-4.556
Girls Aloud;Something Kinda Ooooh;201590;2012;131.925;pop, Dance/Electronic;0.908;11;-3.918
Ashanti;Rock Wit U (Awww Baby);209120;2003;94.998;hip hop, pop, R&B;0.797;4;-3.006
Faith Hill;There You'll Be;222120;2001;128.98;pop, country;0.511;8;-7.77
50 Cent;Ayo Technology;247946;2007;140.144;hip hop, pop;0.782;8;-5.44
Lloyd;Get It Shawty;209533;2007;128.014;hip hop, pop, R&B;0.905;5;-4.032
Lilly Wood and The Prick;Prayer in C - Robin Schulz Radio Edit;189399;2014;123.002;pop, rock;0.886;9;-5.356
Labrinth;Earthquake (feat. Tinie Tempah);274600;2012;153.071;pop;0.856;0;-3.966
Snoop Dogg;Young, Wild & Free (feat. Bruno Mars);207333;2011;95.078;hip hop, pop;0.655;0;-6.425
T-Pain;Buy U a Drank (Shawty Snappin') (feat. Yung Joc);227960;2007;80.001;hip hop, pop, R&B;0.55;1;-8.137
Tom Walker;Leave a Light On;185863;2017;68.976;rock, pop;0.624;5;-5.946
Jennifer Lopez;Dance Again;237266;2012;127.974;hip hop, pop, R&B;0.867;11;-5.242
DJ Sammy;Heaven;233600;2002;137.965;pop;0.953;8;-5.601
Fall Out Boy;Centuries;228360;2015;176.042;rock;0.858;4;-2.868
Nickelback;Photograph;258920;2005;145.916;rock, metal;0.876;8;-3.756
Iggy Azalea;Black Widow;209423;2014;163.99;hip hop, pop;0.72;11;-3.753
Lady A;Just A Kiss;218840;2011;142.881;pop, country;0.639;1;-5.826
Rita Ora;R.I.P. (feat. Tinie Tempah);228026;2012;72.022;hip hop, pop, Dance/Electronic;0.831;11;-3.443
Delta Goodrem;Born to Try;251280;2003;133.838;pop;0.589;8;-6.813
Enrique Iglesias;Bailando - Spanish Version;243386;2014;90.949;pop, latin;0.792;7;-3.519
Madonna;4 Minutes (feat. Justin Timberlake & Timbaland);189693;2009;113.029;pop;0.931;2;-4.922
Christina Perri;Jar of Hearts;246587;2011;74.541;pop;0.348;3;-6.142
Drake;Over;233560;2010;100.093;hip hop, pop, R&B;0.848;7;-5.611
Truth Hurts;Addictive;226440;2002;99.271;pop, R&B;0.677;11;-6.591
Black Eyed Peas;Let's Get It Started - Spike Mix;217733;2004;104.923;hip hop, pop;0.799;11;-2.208
Soulja Boy;Turn My Swag On;206333;2008;150.154;hip hop, pop;0.712;3;-3.104
LMFAO;Sexy And I Know It;199480;2011;130.021;hip hop, pop, Dance/Electronic;0.861;7;-4.225
T-Pain;Bartender (feat. Akon);238800;2007;104.987;hip hop, pop, R&B;0.394;8;-8.539
Major Lazer;Cold Water (feat. Justin Bieber & MØ);185351;2016;92.943;hip hop, pop, Dance/Electronic;0.798;6;-5.092
Eminem;Berzerk;238746;2013;95.084;hip hop;0.872;11;-4.059
Cascada;Evacuate The Dancefloor;207200;2009;127.029;hip hop, pop, Dance/Electronic;0.702;0;-5.87
Justin Timberlake;"CAN'T STOP THE FEELING! (from DreamWorks Animation's ""TROLLS"")";236001;2016;113.03;pop;0.83;0;-5.715
Tory Lanez;Say It;237786;2016;107.331;hip hop, pop, R&B;0.529;11;-10.511
Sugababes;Round Round;236426;2002;126.607;pop, R&B;0.845;6;-3.802
Ne-Yo;Let Me Love You (Until You Learn To Love Yourself);251626;2012;124.91;pop, R&B;0.677;5;-6.628
Macklemore & Ryan Lewis;Thrift Shop (feat. Wanz);235613;2012;94.992;hip hop, pop;0.526;6;-6.985
Rihanna;Needed Me;191600;2016;110.898;hip hop, pop, R&B;0.314;5;-8.091
The Band Perry;If I Die Young;222773;2010;130.739;country;0.497;4;-6.611
Chris Brown;Don't Wake Me Up;222306;2012;127.967;hip hop, pop, R&B;0.691;7;-5.197
Avicii;Without You (feat. Sandro Cavazza);181672;2017;133.993;pop, Dance/Electronic;0.858;2;-4.844
Cardi B;Please Me;200889;2019;133.992;hip hop, pop;0.57;1;-6.711
Kendrick Lamar;LOVE. FEAT. ZACARI.;213400;2017;126.058;hip hop;0.585;10;-7.343
Puddle Of Mudd;She Hates Me;216760;2001;109.781;rock, metal;0.748;4;-5.433
Destiny's Child;Soldier (feat. T.I. & Lil' Wayne);325573;2004;77.49;pop, R&B;0.417;7;-6.799
Red Hot Chili Peppers;Snow (Hey Oh);334666;2006;104.655;rock;0.9;11;-3.674
Adele;Skyfall;286480;2012;75.881;pop, R&B;0.552;0;-6.864
ZAYN;"I Don’t Wanna Live Forever (Fifty Shades Darker) - From ""Fifty Shades Darker (Original Motion Picture Soundtrack)""";245200;2016;117.973;pop, Dance/Electronic;0.451;0;-8.374
Sugababes;Hole In The Head;218173;2003;125.011;pop, R&B;0.933;6;-4.629
Black Eyed Peas;Meet Me Halfway;284373;2009;130.0;hip hop, pop;0.629;11;-6.857
Liam Payne;Strip That Down;204502;2017;106.028;pop;0.485;6;-5.595
Alan Walker;Faded;212106;2018;179.642;Dance/Electronic;0.627;6;-5.085
Demi Lovato;Cool for the Summer;214746;2015;114.101;pop;0.613;5;-5.593
Lumidee;Never Leave You (Uh Oooh, Uh Oooh);184906;2003;199.958;pop, R&B;0.657;6;-6.197
P!nk;Who Knew;208493;2006;140.004;pop;0.734;9;-4.569
Brandy;What About Us?;253200;2002;93.118;hip hop, pop, R&B;0.698;5;-2.942
Childish Gambino;3005;235662;2013;82.92;hip hop;0.463;6;-6.542
Sam Smith;Like I Can;167065;2014;99.933;pop;0.627;7;-6.627
DJ Khaled;No Brainer;260000;2018;135.702;hip hop, pop;0.76;0;-4.706
No Doubt;It's My Life;226053;2003;126.326;rock, pop;0.735;8;-5.074
Toby Keith;As Good As I Once Was;227840;2005;119.075;country;0.87;5;-4.461
Alicia Keys;A Woman's Worth;303333;2001;75.09;pop, R&B;0.41;4;-8.323
Kesha;Take It Off;215200;2010;125.036;pop, Dance/Electronic;0.675;5;-5.292
Omarion;Ice Box;256426;2006;131.105;hip hop, pop, R&B;0.731;8;-5.446
Jay Sean;Down;212106;2009;65.997;hip hop, pop, R&B;0.695;2;-4.493
DJ Khaled;All I Do Is Win (feat. T-Pain, Ludacris, Snoop Dogg & Rick Ross);232506;2010;150.1;hip hop, pop;0.781;10;-3.616
Tom Jones;Sexbomb;211893;1999;122.979;rock, Folk/Acoustic, easy listening;0.876;8;-3.94
Lenny Kravitz;Again;231666;2000;79.166;rock, pop;0.804;2;-5.218
JAY-Z;Empire State Of Mind;276920;2009;173.585;hip hop;0.956;11;-1.538
Mýa;Case Of The Ex (Whatcha Gonna Do);236906;2000;98.0;pop, R&B;0.688;1;-4.715
Sheppard;Geronimo;218227;2014;142.016;pop, rock, Dance/Electronic;0.771;7;-6.275
Fabolous;Into You (feat. Tamia);295773;2003;182.12;hip hop, pop, R&B;0.538;7;-7.886
Mac Miller;Donald Trump;165908;2011;162.994;hip hop;0.901;1;-7.094
Skrillex;Bangarang (feat. Sirah);215253;2011;110.026;hip hop, pop, Dance/Electronic;0.972;7;-2.302
Twenty One Pilots;Heathens;195920;2016;90.024;rock;0.396;4;-9.348
Missy Elliott;Work It;263226;2002;101.868;hip hop, pop, R&B;0.677;1;-5.603
Destiny's Child;Say My Name;271333;1999;138.009;pop, R&B;0.678;5;-3.525
JAY-Z;Run This Town;267520;2009;86.844;hip hop;0.924;1;-1.802
A1;Caught in the Middle;206466;2001;96.072;pop;0.874;5;-5.122
James Blunt;1973;280026;2007;123.007;pop;0.668;9;-7.928
Kanye West;Homecoming;203493;2007;86.917;hip hop;0.747;1;-7.059
Charlie Puth;We Don't Talk Anymore (feat. Selena Gomez);217706;2016;100.017;pop;0.563;1;-8.053
Jax Jones;Breathe;207629;2017;125.985;hip hop, pop, Dance/Electronic;0.744;11;-5.52
Fedde Le Grand;Put Your Hands Up for Detroit - Radio Edit;150533;2015;127.919;pop, Dance/Electronic;0.923;7;-4.525
Sam Smith;"Writing's On The Wall - From ""Spectre"" Soundtrack";278987;2015;81.418;pop;0.302;5;-8.19
Sam Smith;Too Good At Goodbyes;201000;2017;91.873;pop;0.372;5;-8.237
Post Malone;Psycho (feat. Ty Dolla $ign);221440;2018;140.06;hip hop;0.56;8;-8.094
Trey Songz;Say Aah (feat. Fabolous);207546;2009;93.01;hip hop, pop, R&B;0.87;1;-3.614
Dizzee Rascal;Dance Wiv Me - Radio Edit;204093;2011;111.996;hip hop, pop, Dance/Electronic;0.746;11;-4.281
Manic Street Preachers;Your Love Alone Is Not Enough (feat. Nina Persson);235693;2007;126.766;rock, pop;0.921;2;-3.049
Zara Larsson;Never Forget You;213427;2017;145.992;pop, Dance/Electronic;0.732;11;-5.728
Evanescence;Bring Me To Life;235893;2003;94.612;metal;0.943;4;-3.188
Ruff Endz;No More;242560;2000;97.004;R&B;0.641;10;-5.669
No Doubt;Hella Good;242586;2001;115.142;rock, pop;0.665;8;-3.954
Lykke Li;I Follow Rivers - The Magician Remix;281106;2011;122.019;pop, Dance/Electronic;0.709;9;-5.737
Little Mix;Shout Out to My Ex;246240;2017;126.014;pop;0.747;5;-4.061
Mark Ronson;Uptown Funk (feat. Bruno Mars);269666;2015;114.988;pop;0.609;0;-7.223
Bad Bunny;Callaita;250533;2019;176.169;latin;0.624;2;-4.773
Alesso;Years - ラジオ・エディット;195480;2012;128.008;pop, Dance/Electronic;0.823;2;-6.245
One Direction;Best Song Ever;200106;2013;118.491;pop;0.877;1;-2.986
Ellie Goulding;Burn;231211;2014;87.016;pop, rock, Dance/Electronic;0.777;1;-5.031
Beyoncé;Sorry;232560;2016;129.988;pop, R&B;0.598;2;-7.274
Wiz Khalifa;Black and Yellow;217666;2011;164.02;hip hop, pop;0.834;2;-4.524
Loud Luxury;Body (feat. brando);163216;2017;121.958;pop, Dance/Electronic;0.764;1;-4.399
Travis Scott;SICKO MODE;312820;2018;155.008;hip hop, Dance/Electronic;0.73;8;-3.714
Sam Smith;How Do You Sleep?;202204;2019;110.567;pop;0.682;1;-4.931
Alex & Sierra;Little Do You Know;185200;2014;145.879;pop;0.292;0;-8.554
Petey Pablo;Freek-A-Leek;235186;2003;104.917;hip hop, pop;0.697;2;-3.716
Eminem;'Till I Collapse;297786;2002;171.447;hip hop;0.847;1;-3.237
R. City;Locked Away (feat. Adam Levine);227480;2015;118.413;pop;0.671;1;-5.709
Billie Eilish;lovely (with Khalid);200185;2018;115.284;pop, Dance/Electronic;0.296;4;-10.109
Dirty Vegas;Days Go By;432146;2002;126.99;Dance/Electronic;0.853;9;-8.274
Post Malone;Better Now;231266;2018;145.038;hip hop;0.578;10;-5.804
Mary J. Blige;Family Affair;265866;2001;92.887;pop, R&B;0.551;8;-3.75
Adele;Rolling in the Deep;228093;2011;104.948;pop, R&B;0.77;8;-5.114
Selena Gomez & The Scene;Love You Like A Love Song;188453;2011;117.009;pop, Dance/Electronic;0.678;1;-3.87
Blanco Brown;The Git Up;200593;2019;97.984;hip hop, country;0.678;9;-8.635
Nickelback;Rockstar;252040;2005;144.072;rock, metal;0.91;0;-3.004
Marshmello;Happier;214289;2018;100.015;pop, Dance/Electronic;0.792;5;-2.749
Charlie Puth;Done for Me (feat. Kehlani);180493;2018;112.009;pop;0.632;6;-3.692
JLS;Everybody in Love;195586;2013;140.022;pop;0.783;5;-5.971
Basshunter;Now You're Gone - Video Edit;148186;2008;147.99;pop;0.976;1;-5.503
Rag'n'Bone Man;Skin;239626;2017;170.661;R&B;0.745;0;-7.733
Avril Lavigne;Don't Tell Me;202013;2004;144.106;pop;0.795;4;-2.92
Atomic Kitten;Whole Again;185013;2001;94.019;pop;0.706;4;-4.653
Olly Murs;Up (feat. Demi Lovato);224293;2014;114.948;pop, Dance/Electronic;0.845;9;-4.676
Drake;Nonstop;238614;2018;154.983;hip hop, pop, R&B;0.412;7;-8.074
Céline Dion;That's the Way It Is;241373;1999;93.04;pop;0.886;9;-5.424
Justin Timberlake;SexyBack (feat. Timbaland);242733;2006;117.0;pop;0.583;7;-5.562
Cascada;Everytime We Touch - Radio Edit;199120;2011;142.019;hip hop, pop, Dance/Electronic;0.977;8;-5.369
Chicane;Don't Give Up;210786;2016;132.017;Dance/Electronic;0.72;10;-9.635
Daniel Powter;Bad Day;233640;2005;140.046;pop;0.785;3;-4.013
Waka Flocka Flame;No Hands (feat. Roscoe Dash & Wale);263773;2010;131.497;hip hop, pop;0.595;1;-6.366
Eminem;Not Afraid;248133;2010;114.635;hip hop;0.954;0;-1.19
Franz Ferdinand;Do You Want To;215000;2005;123.091;rock;0.944;0;-2.896
Jessie J;Domino;231840;2011;126.986;hip hop, pop;0.557;7;-4.568
Christina Aguilera;Candyman;194213;2006;172.976;pop;0.789;8;-4.713
Kesha;Your Love Is My Drug;187133;2010;120.057;pop, Dance/Electronic;0.612;1;-3.891
Fall Out Boy;Thnks fr th Mmrs;203506;2007;154.837;rock;0.891;10;-5.057
Eamon;Fuck It (I Don't Want You Back);225106;2004;68.507;set();0.653;0;-6.245
2Pac;Ghetto Gospel;238053;2004;80.569;hip hop;0.614;5;-5.352
Jamiroquai;Little L;295400;2001;121.906;pop;0.724;10;-5.373
Jeremih;Don't Tell 'Em;266840;2015;98.052;hip hop, pop, R&B;0.527;2;-5.225
Ariana Grande;Dangerous Woman;235946;2016;134.052;pop;0.604;7;-5.32
Ariana Grande;One Last Time;197266;2014;125.026;pop;0.593;8;-5.036
Evanescence;My Immortal;262533;2003;79.012;metal;0.265;9;-9.206
The Pussycat Dolls;I Hate This Part;218400;2008;111.572;pop, R&B;0.612;5;-4.371
J-Kwon;Tipsy - Club Mix;247106;2001;93.04;hip hop, pop;0.741;9;-5.827
Angie Martinez;If I Could Go! (feat. Lil' Mo & Sacario);244466;2019;195.685;pop;0.643;9;-7.486
Eric Prydz;Proper Education - Radio Edit;198567;2007;124.938;pop, Dance/Electronic;0.937;0;-4.543
Maluma;Corazón (feat. Nego do Borel);184720;2018;198.075;latin;0.738;9;-6.073
DJ Fresh;Hot Right Now (feat. RITA ORA) - Radio Edit;182333;2012;175.017;pop, Dance/Electronic;0.972;4;-1.569
Donell Jones;Where I Wanna Be;253626;1999;102.053;pop, R&B;0.396;5;-9.131
Charlie Puth;Dangerously;199133;2016;112.291;pop;0.517;2;-8.379
Twista;Overnight Celebrity;233360;2004;134.199;hip hop, pop, R&B;0.792;10;-5.435
iio;Rapture (feat.Nadia Ali);253586;2006;123.943;Dance/Electronic;0.855;8;-8.403
LL Cool J;Headsprung;267320;2004;99.916;hip hop, pop, R&B;0.786;0;-5.76
The Lumineers;Ophelia;160097;2016;76.026;pop, Folk/Acoustic;0.576;5;-6.429
P!nk;Stupid Girls;197173;2006;100.04;pop;0.886;4;-5.045
Mystikal;Shake Ya Ass;256973;2000;98.054;hip hop, pop;0.607;7;-5.658
MKTO;Classic;175426;2012;102.071;hip hop, pop;0.791;1;-4.689
Asher Roth;I Love College;241933;2009;86.444;hip hop, pop;0.826;8;-4.075
Gym Class Heroes;Cookie Jar (feat. The-Dream);216317;2008;113.053;hip hop, pop;0.668;5;-4.061
Destiny's Child;Independent Women, Pt. 1;221133;2001;97.954;pop, R&B;0.602;6;-3.782
SAYGRACE;You Don't Own Me (feat. G-Eazy);199314;2015;186.394;pop, R&B;0.664;7;-5.68
The Pussycat Dolls;Stickwitu;207506;2005;79.918;pop, R&B;0.554;9;-6.408
Usher;U Don't Have to Call;269400;2001;100.005;hip hop, pop, R&B;0.568;1;-4.958
Linkin Park;New Divide;268613;2009;117.971;rock, metal;0.808;5;-3.365
Two Door Cinema Club;What You Know;189693;2010;139.048;World/Traditional, rock, pop;0.753;6;-4.003
LeAnn Rimes;I Need You;229826;2001;144.705;pop, country;0.736;7;-7.124
Wiz Khalifa;See You Again (feat. Charlie Puth);229525;2015;80.025;hip hop, pop;0.481;10;-7.503
Kid Cudi;Day 'N' Nite (Nightmare);221240;2009;138.018;hip hop;0.443;11;-6.359
Nas;I Can;253720;2002;95.313;hip hop;0.885;6;-3.914
Paramore;Misery Business;211520;2007;172.977;pop, rock;0.906;1;-3.677
O.T. Genasis;CoCo;239573;2014;119.906;hip hop, pop;0.628;8;-5.949
Cheat Codes;No Promises (feat. Demi Lovato);223503;2017;112.956;pop, Dance/Electronic;0.667;10;-5.445
Alexandra Stan;Mr. Saxobeat;195105;2011;126.976;pop, Dance/Electronic;0.931;11;-4.152
Kesha;C'Mon;214333;2012;126.025;pop, Dance/Electronic;0.781;1;-5.448
Jessie J;Price Tag;223053;2011;175.015;hip hop, pop;0.831;5;-3.945
Ja Rule;Mesmerize;278693;2002;90.079;hip hop, pop, R&B;0.646;1;-6.653
Usher;Scream;234693;2012;127.992;hip hop, pop, R&B;0.862;7;-5.18
Red Hot Chili Peppers;Otherside;255373;1999;123.229;rock;0.795;0;-3.265
Ne-Yo;Closer;234360;2008;126.027;pop, R&B;0.745;4;-6.437
The Pussycat Dolls;Don't Cha;272080;2005;120.003;pop, R&B;0.631;1;-3.475
Blu Cantrell;Hit 'Em Up Style (Oops!);250706;2001;89.976;pop, R&B;0.773;5;-4.983
Enrique Iglesias;DUELE EL CORAZON (feat. Wisin);199693;2016;91.03;pop, latin;0.908;8;-3.254
JAY-Z;Dirt Off Your Shoulder;245173;2003;163.971;hip hop;0.655;1;-7.147
Bad Bunny;MIA (feat. Drake);210367;2018;97.062;latin;0.539;6;-6.349
Shakira;Whenever, Wherever;196160;2001;107.657;pop, latin;0.832;1;-4.862
T-Pain;Can't Believe It (feat. Lil' Wayne);273826;2008;89.828;hip hop, pop, R&B;0.516;10;-8.869
David Guetta;Bad (feat. Vassy) - Radio Edit;170625;2014;127.966;hip hop, pop, Dance/Electronic;0.972;5;-3.927
Maroon 5;Maps;189840;2014;120.003;pop;0.723;1;-5.51
Ricky Martin;She Bangs - English Version;280626;2000;143.866;pop, latin;0.95;1;-4.012
Bow Wow;Let Me Hold You (feat. Omarion);248493;2005;151.518;hip hop, pop, R&B;0.662;6;-8.244
Miley Cyrus;See You Again;190453;2007;138.975;pop;0.911;9;-5.098
U2;Sometimes You Can't Make It On Your Own;305080;2004;96.0;World/Traditional, rock;0.597;2;-5.652
Eric Prydz;Call on Me - Radio Mix;171360;2004;126.342;pop, Dance/Electronic;0.837;10;-6.518
Justin Timberlake;Mirrors;484146;2013;76.899;pop;0.512;5;-6.664
P!nk;There You Go;202800;2000;107.908;pop;0.847;10;-6.729
Dizzee Rascal;Bonkers;177573;2011;126.127;hip hop, pop, Dance/Electronic;0.977;11;-3.34
Sia;Cheap Thrills (feat. Sean Paul);224813;2016;89.972;pop;0.8;6;-4.931
My Chemical Romance;Welcome to the Black Parade;311106;2006;96.95;rock;0.905;2;-4.103
Craig David;7 Days;235133;2000;83.014;hip hop, pop, R&B;0.812;4;-7.499
Deorro;Five More Hours;211975;2015;127.961;pop, Dance/Electronic;0.883;5;-3.226
Faith Hill;Breathe;250546;1999;136.859;pop, country;0.496;7;-9.007
D12;Purple Pills;304506;2001;125.25;hip hop, pop, rock;0.634;1;-5.941
Ellie Goulding;On My Mind;213445;2015;154.943;pop, rock, Dance/Electronic;0.688;2;-6.607
Taio Cruz;Dynamite;202613;2010;119.975;hip hop, pop;0.783;4;-3.724
Dido;Thank You;218360;1999;79.984;pop;0.583;1;-9.942
Lil Wayne;Sucker for Pain (with Wiz Khalifa, Imagine Dragons, Logic & Ty Dolla $ign feat. X Ambassadors);243490;2016;169.021;hip hop, pop;0.786;9;-4.378
Christina Perri;A Thousand Years;285120;2011;139.028;pop;0.407;10;-7.445
Nickelback;Savin' Me;219320;2005;164.007;rock, metal;0.815;3;-4.088
Lil Jon & The East Side Boyz;Lovers And Friends;260600;2004;139.861;hip hop, pop;0.501;10;-6.183
Pedro Capó;Calma - Remix;238200;2018;126.899;pop, latin;0.773;11;-4.218
Nelly;Hot In Herre;228240;2002;107.075;hip hop, pop, R&B;0.745;11;-4.753
benny blanco;Eastside (with Halsey & Khalid);173799;2018;89.391;hip hop, pop;0.68;6;-7.648
Flume;Never Be Like You;233337;2016;116.838;Dance/Electronic;0.558;0;-5.436
Alien Ant Farm;Smooth Criminal;209266;2001;126.928;rock, metal;0.964;9;-4.261
Creed;Higher;316733;1999;155.827;pop, rock, metal;0.83;2;-6.254
Sia;The Greatest (feat. Kendrick Lamar);210226;2016;191.944;pop;0.725;1;-6.127
Nelly;Over And Over;253933;2004;169.799;hip hop, pop, R&B;0.517;7;-10.02
Britney Spears;Till the World Ends;237946;2011;131.951;pop;0.705;8;-5.747
Vanessa Carlton;A Thousand Miles;237493;2002;94.931;Folk/Acoustic, pop;0.825;11;-3.862
Chamillionaire;Ridin';303053;2005;143.052;hip hop, pop;0.799;8;-4.68
Fergie;Glamorous;246600;2006;130.993;pop, R&B;0.757;0;-6.447
Gym Class Heroes;Ass Back Home (feat. Neon Hitch);222213;2011;130.034;hip hop, pop;0.838;10;-4.289
Lady Gaga;Born This Way;260253;2011;123.907;pop;0.828;11;-5.108
Daddy Yankee;Gasolina;192600;2004;96.009;latin;0.801;0;-6.499
Mary J. Blige;No More Drama;326240;2001;97.914;pop, R&B;0.837;6;-6.818
Fergie;Clumsy;240426;2006;184.009;pop, R&B;0.563;2;-4.046
Robbie Williams;Tripping;276603;2005;118.014;pop, rock;0.922;2;-4.458
Madonna;Music;225973;2000;119.854;pop;0.802;7;-8.527
Switchfoot;Meant to Live;201373;2003;151.551;rock, pop;0.903;2;-4.577
Florence + The Machine;Spectrum (Say My Name) - Calvin Harris Remix;218190;2011;126.092;rock, pop, Dance/Electronic;0.946;11;-3.85
Ed Sheeran;Thinking out Loud;281560;2014;78.998;pop;0.445;2;-6.061
Drake;One Dance;173986;2016;103.967;hip hop, pop, R&B;0.625;1;-5.609
T.I.;Live Your Life;338853;2008;159.841;hip hop, pop;0.862;11;-3.363
Maroon 5;"Moves Like Jagger - Studio Recording From ""The Voice"" Performance";201493;2010;128.044;pop;0.761;11;-4.459
Bazzi;Mine;131064;2018;142.929;pop, Dance/Electronic;0.789;4;-3.874
The Fratellis;Chelsea Dagger;215306;2006;154.514;rock;0.815;7;-3.14
Fabolous;Throw It In The Bag;231573;2009;172.049;hip hop, pop, R&B;0.55;11;-7.423
Taylor Swift;I Knew You Were Trouble.;219720;2012;77.019;pop;0.469;3;-6.798
Jonas Blue;Rise;194407;2018;106.046;pop, Dance/Electronic;0.785;1;-4.65
Future;Low Life (feat. The Weeknd);313546;2016;143.961;hip hop, pop;0.331;8;-7.789
Ariana Grande;God is a woman;197546;2018;145.031;pop;0.658;1;-5.934
Scissor Sisters;I Don't Feel Like Dancin';288360;2006;108.023;pop, rock, Dance/Electronic;0.923;7;-3.409
Alesha Dixon;The Boy Does Nothing;210680;2008;87.0;pop;0.972;3;-2.423
Gwen Stefani;The Sweet Escape;246466;2006;119.961;pop, R&B;0.77;1;-3.502
Enrique Iglesias;Be With You;219360;1999;121.996;pop, latin;0.866;1;-5.436
Bryson Tiller;Exchange;194613;2015;160.108;hip hop, pop, R&B;0.433;6;-10.598
Scouting For Girls;This Ain't a Love Song;210680;2017;176.667;pop, rock;0.905;0;-4.157
Cheryl;Fight For This Love;223253;2009;122.988;pop, Dance/Electronic;0.741;7;-5.873
KALEO;Way down We Go;219560;2015;81.663;rock, classical;0.578;10;-5.798
Olly Murs;Dear Darlin';206373;2012;124.021;pop, Dance/Electronic;0.828;11;-4.672
Migos;Bad and Boujee (feat. Lil Uzi Vert);343150;2017;127.079;hip hop, pop;0.666;11;-5.314
Trillville;Some Cut;283454;2004;84.995;hip hop, pop;0.515;1;-6.626
Rita Ora;How We Do (Party);247026;2012;116.024;hip hop, pop, Dance/Electronic;0.922;7;-3.94
Shakira;Underneath Your Clothes;224066;2001;165.508;pop, latin;0.597;8;-5.328
Lil Wayne;6 Foot 7 Foot;248586;2011;79.119;hip hop, pop;0.752;2;-5.429
XXXTENTACION;Jocelyn Flores;119133;2017;134.021;hip hop;0.391;0;-9.144
Chris Brown;Deuces (feat. Tyga & Kevin McCall);276560;2011;73.987;hip hop, pop, R&B;0.736;1;-5.109
Christina Aguilera;Ain't No Other Man;228906;2006;127.91;pop;0.742;7;-4.722
Avicii;Waiting For Love;230613;2015;127.999;pop, Dance/Electronic;0.736;6;-3.863
U2;Vertigo;193520;2004;140.083;World/Traditional, rock;0.819;9;-3.974
DJ Snake;Taki Taki (with Selena Gomez, Ozuna & Cardi B);212500;2018;95.881;hip hop, pop, Dance/Electronic;0.801;8;-4.167
The Ting Tings;That's Not My Name;310573;2008;145.042;pop, rock, Dance/Electronic;0.901;9;-3.152
Illy;Papercuts (feat. Vera Blue);255889;2016;191.863;hip hop, pop, Dance/Electronic;0.618;6;-6.304
Anne-Marie;Ciao Adios;200104;2017;106.083;pop, Dance/Electronic;0.882;4;-3.078
Justin Timberlake;Cry Me a River;288333;2002;73.898;pop;0.654;8;-6.582
Black Eyed Peas;Don't Lie;219000;2005;89.885;hip hop, pop;0.785;9;-5.299
Scooter;Nessaja;208449;2013;143.048;pop, Dance/Electronic;0.904;2;-6.642
Professor Green;Read All About It;235735;2011;100.963;Dance/Electronic;0.752;11;-5.522
Kelly Clarkson;Because of You;219493;2004;139.92;pop, R&B;0.583;5;-5.284
Migos;Stir Fry;190288;2018;181.982;hip hop, pop;0.816;2;-5.402
Nickelback;Gotta Be Somebody;252653;2008;115.998;rock, metal;0.89;0;-5.222
Robbie Williams;Radio;233600;2004;130.015;pop, rock;0.874;5;-5.409
George Michael;Amazing;265826;2004;128.429;set();0.754;10;-6.825
Capital Cities;Safe And Sound;192693;2013;117.952;pop;0.783;0;-4.829
Owl City;Good Time;205933;2012;126.05;rock, pop;0.872;3;-4.269
Gotye;Somebody That I Used To Know;244884;2011;129.054;set();0.527;0;-6.896
Take That;Patience;202066;2006;175.788;pop;0.783;10;-4.154
Ava Max;So Am I;183026;2019;130.089;pop;0.656;6;-4.67
B.o.B;Airplanes (feat. Hayley Williams of Paramore);180480;2010;93.033;hip hop, pop;0.867;6;-4.285
Robin Thicke;Blurred Lines;263053;2013;120.0;pop, R&B;0.504;7;-7.707
Akon;Right Now (Na Na Na);240746;2008;137.982;pop;0.857;8;-4.194
Kendrick Lamar;DNA.;185946;2017;139.928;hip hop;0.517;0;-6.759
Leona Lewis;A Moment Like This;257293;2007;70.543;pop, R&B;0.562;8;-3.667
Coldplay;Paradise;278719;2011;139.631;rock, pop;0.585;5;-6.761
Flo Rida;Whistle;224653;2012;103.976;hip hop, pop;0.937;0;-5.746
No Doubt;Hey Baby;207040;2001;93.63;rock, pop;0.872;11;-3.557
Lil Peep;Save That Shit;231546;2017;105.997;hip hop;0.583;2;-8.672
Carrie Underwood;Blown Away;240133;2012;136.991;pop, country;0.843;9;-2.569
The Streets;Fit but You Know It;254266;2004;172.302;hip hop, Dance/Electronic;0.844;6;-1.729
Ludacris;My Chick Bad;216933;2010;84.789;hip hop, pop;0.723;1;-6.782
OneRepublic;Secrets;224693;2009;148.021;pop;0.764;2;-6.223
3 Doors Down;Here Without You;238733;2002;143.994;pop, rock, metal;0.533;10;-6.817
Young Money;BedRock;288133;2009;148.005;hip hop, pop;0.664;8;-6.163
Usher;More - RedOne Jimmy Joker Remix;219986;2010;125.083;hip hop, pop, R&B;0.893;7;-2.628
Tinie Tempah;Pass Out;268053;2010;91.1;hip hop, pop, Dance/Electronic;0.891;1;-3.261
Calvin Harris;How Deep Is Your Love;212640;2015;122.003;hip hop, pop, Dance/Electronic;0.868;11;-4.373
Usher;Caught Up;224640;2004;110.086;hip hop, pop, R&B;0.806;6;-4.606
Keri Hilson;Turnin Me On - Original Dirty;248066;2008;159.873;pop, R&B;0.584;1;-5.09
Shayne Ward;That's My Goal;219600;2006;68.637;pop;0.508;2;-5.966
Ronan Keating;If Tomorrow Never Comes;214306;2002;79.01;pop, rock;0.496;10;-6.136
DJ Pied Piper & The Masters Of Ceremonies;Do You Really Like It? - Radio Edit;217120;2001;131.044;Dance/Electronic;0.877;2;-5.424
The Fray;You Found Me;241853;2009;151.994;pop;0.803;8;-5.412
Swedish House Mafia;Save The World;213337;2011;126.879;pop, Dance/Electronic;0.665;0;-7.598
Fifth Harmony;Worth It (feat. Kid Ink);224573;2015;99.987;pop;0.765;8;-3.865
Chris Brown;Kiss Kiss (feat. T-Pain);250666;2007;140.043;hip hop, pop, R&B;0.658;10;-3.386
Savage Garden;Crash and Burn;281466;1999;102.03;pop;0.607;4;-8.458
Mabel;Don't Call Me Up;178480;2019;98.994;pop, Dance/Electronic;0.881;9;-2.853
Eminem;Like Toy Soldiers;296880;2004;79.178;hip hop;0.768;8;-3.489
Florida Georgia Line;Cruise;208960;2012;148.0;country;0.948;10;-3.364
Tiësto;Jackie Chan;215759;2018;128.005;pop, Dance/Electronic;0.834;3;-2.867
Katy Perry;Part Of Me;216160;2012;130.028;pop;0.918;5;-4.63
Bryson Tiller;Don't;198293;2015;96.991;hip hop, pop, R&B;0.356;11;-5.556
Lady Gaga;Alejandro;274213;2009;98.998;pop;0.793;11;-6.63
Christina Aguilera;Can't Hold Us Down (feat. Lil' Kim);255266;2002;98.989;pop;0.658;8;-4.481
Ashanti;Happy;262226;2002;89.488;hip hop, pop, R&B;0.515;2;-6.553
Sidney Samson;Riverside;320348;2009;125.997;Dance/Electronic;0.976;1;-2.458
Fitz and The Tantrums;HandClap;193253;2016;139.956;pop, rock;0.836;8;-3.004
Selena Gomez & The Scene;Naturally;202586;2009;132.612;pop, Dance/Electronic;0.902;10;-5.406
Katy Perry;E.T.;229573;2012;151.684;pop;0.869;1;-5.252
Razorlight;In The Morning;222453;2006;124.191;rock, pop;0.855;4;-3.495
WILLOW;Wait a Minute!;196520;2015;101.003;pop, R&B, Dance/Electronic;0.705;3;-5.279
Rizzle Kicks;Down With The Trumpets;186851;2011;115.057;hip hop;0.88;4;-4.689
Pitbull;Timber (feat. Ke$ha);204160;2012;129.992;hip hop, pop, latin;0.963;11;-4.087
Sean Kingston;Beautiful Girls;225373;2007;130.009;hip hop, pop, R&B;0.661;1;-6.075
Birdy;Wings;252106;2013;83.235;pop;0.707;7;-4.534
The Chainsmokers;Don't Let Me Down;208373;2016;159.803;pop, Dance/Electronic;0.869;11;-5.094
Sean Paul;She Doesn't Mind;227786;2012;120.015;hip hop, pop;0.776;7;-5.208
Rihanna;S&M;243533;2010;127.975;hip hop, pop, R&B;0.682;1;-5.02
PARTYNEXTDOOR;Not Nice;202661;2016;128.06;hip hop, pop, R&B;0.496;0;-9.309
Avicii;SOS (feat. Aloe Blacc);157202;2019;100.001;pop, Dance/Electronic;0.645;5;-6.181
Robbie Williams;Rock DJ;258560;2000;103.035;pop, rock;0.772;7;-4.264
Ida Corr;Let Me Think About It;151973;2012;129.026;set();0.754;0;-3.425
Marshmello;Alone;273802;2016;141.99;pop, Dance/Electronic;0.953;2;-3.739
Lasgo;Something;220973;2001;140.01;pop;0.981;7;-6.644
Kanye West;Through The Wire;221226;2004;83.089;hip hop;0.739;7;-6.11
Maggie Lindemann;Pretty Girl - Cheat Codes X CADE Remix;193613;2017;121.03;rock, pop;0.868;7;-4.661
Mariah Carey;Touch My Body;204733;2008;78.502;pop, R&B;0.665;4;-7.736
Cardi B;Money;183527;2018;130.003;hip hop, pop;0.59;8;-6.508
Rihanna;Where Have You Been;242680;2011;127.963;hip hop, pop, R&B;0.847;0;-6.34
Nelly Furtado;Maneater;258893;2006;132.722;hip hop, pop, latin;0.777;6;-4.81
Finger Eleven;Paralyzer;208106;2007;106.031;rock, metal;0.939;11;-3.486
Timbaland;Give It To Me;234026;2007;110.621;hip hop, pop, R&B;0.711;8;-3.904
Katy Perry;Firework;227893;2010;124.071;pop;0.832;8;-5.039
Sugababes;Too Lost In You;237693;2003;98.014;pop, R&B;0.705;1;-4.904
N.E.R.D;She Wants To Move;213786;2004;115.012;hip hop;0.851;5;-4.831
Avril Lavigne;Nobody's Home;212413;2004;185.406;pop;0.907;5;-3.66
Jason Derulo;Swalla (feat. Nicki Minaj & Ty Dolla $ign);216408;2017;98.064;hip hop, pop;0.817;1;-3.862
Tinchy Stryder;Number 1;212773;2009;114.912;pop, Dance/Electronic;0.824;0;-3.912
Dynoro;In My Mind;184560;2018;125.905;pop, Dance/Electronic;0.77;6;-5.335
Ariana Grande;7 rings;178626;2019;140.048;pop;0.317;1;-10.732
Keane;Is It Any Wonder?;186173;2006;129.352;pop;0.955;11;-2.771
Natalie La Rose;Somebody;189906;2014;104.99;set();0.52;0;-8.714
Rixton;Me And My Broken Heart;193733;2014;174.084;pop;0.783;5;-4.261
Tyga;Taste (feat. Offset);232959;2018;97.994;hip hop, pop;0.559;0;-7.442
Ne-Yo;Miss Independent;232000;2008;171.812;pop, R&B;0.673;1;-5.714
Soulja Boy;Crank That (Soulja Boy);221933;2007;140.141;hip hop, pop;0.74;0;-2.18
Sting;Desert Rose;285960;1999;111.989;rock, pop;0.659;0;-7.92
Coldplay;Viva La Vida;242373;2008;138.015;rock, pop;0.617;5;-7.115
Maroon 5;One More Night;219546;2012;92.997;pop;0.821;5;-3.435
Pitbull;Time of Our Lives;229360;2014;124.022;hip hop, pop, latin;0.802;1;-5.797
The Notorious B.I.G.;Nasty Girl (feat. Diddy, Nelly, Jagged Edge & Avery Storm) - 2005 Remaster;286186;2005;106.328;hip hop;0.628;2;-7.041
Adele;Someone Like You;285240;2011;135.047;pop, R&B;0.321;9;-8.251
September;Cry for You;209800;2007;130.018;pop, Dance/Electronic;0.881;9;-3.988
Fetty Wap;679 (feat. Remy Boyz);196693;2015;190.05;hip hop, pop;0.717;7;-5.738
P!nk;U + Ur Hand;214386;2006;141.04;pop;0.891;0;-3.688
Disclosure;White Noise;277687;2013;119.978;pop, Dance/Electronic;0.844;10;-6.164
Taylor Swift;Look What You Made Me Do;211853;2017;128.07;pop;0.709;9;-6.471
Keyshia Cole;Last Night;255706;2007;121.006;hip hop, pop, R&B;0.857;3;-5.032
Madison Avenue;Don't Call Me Baby;228140;1999;124.999;Dance/Electronic;0.982;3;-6.588
Wayne Wonder;No Letting Go;202013;2003;100.215;hip hop, R&B;0.819;5;-5.656
Zedd;I Want You To Know;238800;2015;130.003;hip hop, pop, Dance/Electronic;0.877;9;-2.215
LMC;Take Me To The Clouds Above - LMC Vs. U2 / Radio Edit;171546;2004;128.658;Dance/Electronic;0.905;6;-5.395
Ariana Grande;The Way;227026;2013;82.324;pop;0.878;5;-3.208
Rihanna;Umbrella;275986;2008;174.028;hip hop, pop, R&B;0.829;1;-4.603
Tinie Tempah;Written in the Stars (feat. Eric Turner);207653;2010;91.881;hip hop, pop, Dance/Electronic;0.931;7;-4.188
Little Mix;Wings;219733;2012;114.962;pop;0.875;7;-3.141
OneRepublic;Wherever I Go;169773;2016;99.961;pop;0.689;10;-6.444
Ray J;One Wish;337640;2005;127.673;hip hop, pop, R&B;0.652;5;-7.042
Calvin Harris;Outside (feat. Ellie Goulding);227266;2014;128.035;hip hop, pop, Dance/Electronic;0.823;2;-4.123
The Chainsmokers;Closer;244960;2016;95.01;pop, Dance/Electronic;0.524;8;-5.599
Bruno Mars;The Lazy Song;189109;2010;174.915;pop;0.711;8;-5.124
Migos;Walk It Talk It;276147;2018;145.914;hip hop, pop;0.633;2;-5.145
Petit Biscuit;Sunset Lover;237792;2015;90.838;Dance/Electronic;0.467;6;-9.474
JAY-Z;Izzo (H.O.V.A.);240626;2001;84.411;hip hop;0.844;1;-4.051
Clean Bandit;Tears (feat. Louisa Johnson);225914;2016;130.037;pop, Dance/Electronic;0.77;5;-3.645
Shayne Ward;No Promises;223066;2006;79.798;pop;0.498;4;-6.087
Take That;Rule The World - Radio Edit;237760;2007;164.054;pop;0.774;2;-4.226
Sam Smith;Stay With Me;172723;2014;84.094;pop;0.42;0;-6.444
Calvin Harris;Sweet Nothing (feat. Florence Welch);212560;2012;127.934;hip hop, pop, Dance/Electronic;0.929;8;-3.942
Amy Winehouse;Rehab;214946;2006;71.815;R&B;0.558;0;-13.609
G-Unit;Wanna Get To Know You;265026;2003;76.91;hip hop, pop;0.826;10;-3.651
Ellie Goulding;"Love Me Like You Do - From ""Fifty Shades Of Grey""";252534;2015;189.857;pop, rock, Dance/Electronic;0.606;8;-6.646
Jason Derulo;Wiggle (feat. Snoop Dogg);193295;2013;81.946;hip hop, pop;0.621;9;-6.886
Sebastian Ingrosso;Reload - Radio Edit;221272;2013;128.045;pop, Dance/Electronic;0.724;9;-4.633
Robyn;With Every Heartbeat;254920;2005;120.872;pop, Dance/Electronic;0.865;4;-4.462
Otto Knows;Million Voices - Radio Edit;192866;2012;125.946;pop, Dance/Electronic;0.894;8;-6.298
Maroon 5;Makes Me Wonder;211080;2007;113.996;pop;0.851;7;-2.429
Coldplay;Clocks;307879;2002;130.97;rock, pop;0.749;5;-7.215
Duffy;Mercy;219920;2008;129.911;pop, R&B;0.859;0;-3.774
Kendrick Lamar;m.A.A.d city;350120;2012;91.048;hip hop;0.729;2;-6.815
Sofía Reyes;1, 2, 3 (feat. Jason Derulo & De La Ghetto);201526;2018;94.968;pop, latin;0.895;1;-3.112
The Saturdays;Higher;207613;2010;117.011;pop, Dance/Electronic;0.862;10;-3.292
Frank Ocean;Pink + White;184516;2016;159.738;hip hop, pop, R&B;0.552;9;-7.45
Madonna;American Pie;273533;2000;124.036;pop;0.734;5;-7.48
Sia;Elastic Heart;257200;2014;130.075;pop;0.791;9;-4.998
Mariah Carey;We Belong Together;201400;2005;139.987;pop, R&B;0.476;0;-7.918
Missy Elliott;Work It;263226;2002;101.868;hip hop, pop, R&B;0.677;1;-5.603
P!nk;"Just Like Fire (From the Original Motion Picture ""Alice Through The Looking Glass"")";215413;2016;162.958;pop;0.702;7;-5.92
Basement Jaxx;Romeo;217493;2001;126.853;pop, Dance/Electronic;0.829;2;-4.171
Aaliyah;Try Again;284000;2002;93.02;hip hop, pop, R&B;0.622;6;-5.642
Eminem;Shake That;274440;2005;107.005;hip hop;0.643;1;-5.785
Lorde;Team;193058;2013;100.05;pop, Dance/Electronic;0.582;6;-7.444
Justin Bieber;Love Yourself;233720;2015;100.418;pop;0.378;4;-9.828
Puddle Of Mudd;Blurry;303920;2001;157.469;rock, metal;0.936;3;-4.537
Alessia Cara;Here;199453;2015;120.892;pop, R&B;0.799;0;-4.031
Daddy Yankee;Dura;200480;2018;95.001;latin;0.84;1;-3.416
Bastille;Pompeii;214147;2013;127.435;pop, rock;0.715;9;-6.383
Ne-Yo;Mad;254533;2008;129.94;pop, R&B;0.644;0;-5.348
The Veronicas;Untouched;255360;2005;177.008;pop, Dance/Electronic;0.783;6;-4.893
Steve Aoki;Just Hold On;198774;2016;114.991;hip hop, pop, Dance/Electronic;0.932;11;-3.515
Katy Perry;I Kissed A Girl;179640;2008;129.996;pop;0.76;5;-3.173
Guru Josh Project;Infinity 2008;190013;2011;127.999;hip hop;0.849;7;-6.139
Lil Wayne;A Milli;221840;2008;151.486;hip hop, pop;0.695;6;-8.636
3 Doors Down;Let Me Go;243053;2012;92.004;pop, rock, metal;0.863;1;-4.914
Philip George;Wish You Were Mine - Radio Edit;177560;2014;123.002;pop, Dance/Electronic;0.832;7;-4.164
Rui Da Silva;Touch Me (Radio Edit) [feat. Cassandra];213133;2001;129.078;Dance/Electronic;0.922;0;-8.399
Nina Sky;Move Ya Body;232000;2004;121.057;pop, R&B;0.712;11;-6.313
James Blunt;You're Beautiful;209493;2005;81.998;pop;0.479;0;-9.87
Ciara;Love Sex Magic (feat. Justin Timberlake);220426;2009;107.011;pop, R&B;0.666;10;-5.089
John Legend;All of Me;269560;2013;119.93;pop, R&B;0.264;8;-7.064
AWOLNATION;Sail;259102;2011;119.038;pop, rock;0.435;1;-9.582
Gnarls Barkley;Crazy;177466;2006;111.97;hip hop, R&B;0.587;8;-4.589
Dua Lipa;IDGAF;217946;2017;97.028;pop;0.544;7;-5.975
Sheck Wes;Mo Bamba;183906;2018;146.034;hip hop;0.625;4;-5.266
Paloma Faith;Only Love Can Hurt Like This;232893;2014;90.99;pop, R&B, Dance/Electronic;0.885;8;-4.528
One Direction;Drag Me Down;192120;2015;138.113;pop;0.703;0;-5.672
Ludacris;Get Back;270746;2004;171.609;hip hop, pop;0.639;1;-5.16
Ludacris;Rollout (My Business);296586;2001;131.059;hip hop, pop;0.668;7;-8.73
Charlie Puth;Attention;211475;2017;100.041;pop;0.626;3;-4.432
The Red Jumpsuit Apparatus;Face Down;192000;2006;92.956;pop;0.932;7;-2.189
Gabrielle;Out Of Reach;196986;2001;182.862;pop, R&B;0.48;11;-6.567
Drake;Jumpman;205879;2015;142.079;hip hop, pop, R&B;0.553;1;-7.286
Coldplay;Hymn for the Weekend;258266;2015;90.027;rock, pop;0.693;0;-6.487
David Guetta;She Wolf (Falling to Pieces) [feat. Sia];222500;2012;129.973;hip hop, pop, Dance/Electronic;0.857;7;-2.634
Ludacris;Southern Hospitality (Featuring Pharrell);300933;2000;95.158;hip hop, pop;0.896;0;-4.719
Jennifer Lopez;Jenny from the Block (feat. Jadakiss & Styles P.) - Track Masters Remix;187840;2002;100.0;hip hop, pop, R&B;0.768;6;-5.448
Iyaz;Replay;182306;2009;91.031;hip hop, pop;0.751;9;-6.323
So Solid Crew;21 Seconds;302826;2001;137.03;Dance/Electronic;0.637;1;-11.072
Ultrabeat;Pretty Green Eyes - Radio Edit;201920;2003;139.993;pop, Dance/Electronic;0.775;1;-10.284
*NSYNC;Girlfriend;253600;2001;93.967;pop;0.807;0;-5.191
Chris Brown;Beautiful People;225881;2019;127.898;hip hop, pop, R&B;0.775;5;-6.366
Westlife;My Love;231760;2000;144.142;pop;0.593;0;-5.975
Usher;OMG (feat. will.i.am);269493;2010;129.998;hip hop, pop, R&B;0.745;4;-5.81
Alesso;Heroes (we could be);209866;2014;125.876;pop, Dance/Electronic;0.754;5;-4.144
Shakira;Hips Don't Lie (feat. Wyclef Jean);218093;2005;100.024;pop, latin;0.824;10;-5.892
The Chainsmokers;Sick Boy;193200;2018;89.996;pop, Dance/Electronic;0.577;11;-7.518
Astrid S;Hurts So Good;208728;2016;120.036;rock, pop, Dance/Electronic;0.589;7;-5.008
The Roots;The Seed (2.0);267933;2002;111.121;hip hop;0.957;7;-2.281
Jennifer Lopez;I'm Gonna Be Alright (feat. Nas);172240;2002;93.401;hip hop, pop, R&B;0.69;10;-4.382
D4L;Laffy Taffy;224253;2005;77.499;hip hop, pop;0.439;7;-7.994
The Wanted;All Time Low;205200;2010;134.036;pop, Dance/Electronic;0.615;8;-5.022
Avicii;Levels - Radio Edit;199906;2011;126.04;pop, Dance/Electronic;0.889;1;-5.941
Stromae;Alors on danse - Radio Edit;206066;2010;119.951;pop;0.59;1;-9.206
Lil Jon;Snap Yo Fingers;274386;2006;82.038;hip hop, pop;0.757;8;-5.029
Flo Rida;My House;192190;2015;94.006;hip hop, pop;0.702;7;-4.792
Jagged Edge;Where the Party At (feat. Nelly);232573;2001;129.491;hip hop, pop, R&B;0.661;5;-6.239
Gabrielle;Rise;219093;2001;144.673;pop, R&B;0.481;8;-9.487
Sam Smith;Dancing With A Stranger (with Normani);171029;2019;102.998;pop;0.52;8;-7.513
B.o.B;Nothin' on You (feat. Bruno Mars);268320;2010;103.993;hip hop, pop;0.853;10;-5.814
Emeli Sandé;Read All About It, Pt. III;283706;2012;98.082;pop, R&B;0.44;2;-7.186
Keyshia Cole;Love;255333;2005;116.714;hip hop, pop, R&B;0.519;5;-4.285
Desiigner;Panda;246761;2016;144.833;hip hop, pop;0.766;10;-4.943
Drake;Take Care;277386;2011;121.845;hip hop, pop, R&B;0.515;0;-10.358
Missy Elliott;Hot Boyz;215466;1998;81.125;hip hop, pop, R&B;0.445;1;-11.241
Britney Spears;Lucky;206226;2000;95.026;pop;0.791;8;-5.707
Wiley;Wearing My Rolex - Radio Edit;170480;2008;131.942;hip hop, Dance/Electronic;0.716;1;-6.884
Blake Shelton;Honey Bee;210720;2011;205.57;country;0.849;4;-5.131
David Guetta;Without You (feat. Usher);208133;2012;127.884;hip hop, pop, Dance/Electronic;0.614;2;-3.727
Nick Jonas;Jealous - Remix;222213;2014;93.047;pop;0.709;11;-3.578
Kings of Leon;Sex on Fire;203346;2008;153.398;rock;0.905;9;-5.653
Rihanna;Unfaithful;226973;2006;144.069;hip hop, pop, R&B;0.391;0;-8.607
girl in red;we fell in love in october;184153;2018;129.959;pop, rock, Dance/Electronic;0.366;7;-12.808
Kesha;TiK ToK;199693;2010;120.028;pop, Dance/Electronic;0.837;2;-2.718
Nelly;My Place;336506;2004;163.153;hip hop, pop, R&B;0.641;1;-4.237
Years & Years;Shine;255506;2015;108.002;pop, Dance/Electronic;0.716;1;-5.21
Outkast;Hey Ya!;235213;2003;79.526;hip hop, pop;0.974;4;-2.261
Ludacris;How Low;201586;2010;143.96;hip hop, pop;0.498;1;-6.977
Kanye West;Good Life;207000;2007;82.962;hip hop;0.808;1;-6.881
P!nk;Try;247906;2012;103.998;pop;0.628;2;-7.079
DJ Snake;You Know You Like It;247266;2014;196.093;hip hop, pop, Dance/Electronic;0.725;5;-5.346
A Boogie Wit da Hoodie;Swervin (feat. 6ix9ine);189486;2018;93.023;hip hop;0.662;9;-5.239
Demi Lovato;Confident;205745;2015;130.064;pop;0.749;3;-6.251
One Direction;Perfect;230333;2015;99.933;pop;0.823;2;-5.231
Junior Senior;Move Your Feet;181826;2002;118.877;pop;0.904;9;-2.623
Lana Del Rey;Ride;289080;2012;93.763;pop;0.686;0;-5.52
Santana;Maria Maria (feat. The Product G&B);261973;1999;97.911;rock, blues, latin;0.601;2;-5.931
Gigi D'Agostino;The Riddle;285426;1999;127.002;pop;0.876;6;-6.87
David Guetta;Lovers on the Sun (feat. Sam Martin);203520;2014;124.915;hip hop, pop, Dance/Electronic;0.891;6;-2.505
Camila Cabello;Liar;207038;2019;98.016;pop;0.498;11;-6.684
Rita Ora;I Will Never Let You Down;203466;2014;128.011;hip hop, pop, Dance/Electronic;0.801;4;-3.215
Plain White T's;Hey There Delilah;232533;2005;103.971;pop;0.291;2;-10.572
Backstreet Boys;Incomplete;239586;2005;133.631;pop;0.589;4;-4.834
50 Cent;21 Questions;224440;2003;92.729;hip hop, pop;0.813;6;-3.846
James Morrison;I Won't Let You Go;229303;2011;105.955;pop, R&B;0.611;0;-6.427
Asaf Avidan & the Mojos;One Day / Reckoning Song (Wankelmut Remix) [Radio Edit];212360;2012;119.012;pop;0.676;3;-6.366
Cali Swag District;Teach Me How to Dougie;237480;2011;85.013;hip hop, pop;0.438;11;-4.981
Gabriella Cilmi;Sweet About Me;202133;2008;131.977;R&B;0.701;6;-5.035
Basshunter;All I Ever Wanted - Radio Edit;176453;2008;144.954;pop;0.984;4;-7.051
Tyga;Rack City;203200;2012;98.986;hip hop, pop;0.339;1;-10.881
Shawn Mendes;Señorita;190799;2019;116.967;pop;0.548;9;-6.049
Plies;Hypnotized (feat. Akon);188493;2007;116.59;hip hop, pop, R&B;0.571;10;-7.421
Soulja Boy;Kiss Me Thru The Phone;193386;2008;149.998;hip hop, pop;0.712;7;-3.781
Big Sean;I Don't Fuck With You;284386;2015;97.972;hip hop, pop;0.733;1;-5.474
Tamia;Stranger in My House;285386;2000;119.94;pop, R&B;0.601;0;-4.905
Lil Dicky;Freaky Friday (feat. Chris Brown);216631;2018;133.123;hip hop, pop;0.599;8;-5.042
All Saints;Pure Shores;268746;2000;100.618;pop;0.664;6;-9.197
Ray J;Sexy Can I feat. Yung Berg;204040;2008;172.155;hip hop, pop, R&B;0.684;1;-6.007
Icona Pop;I Love It (feat. Charli XCX);157152;2013;125.916;pop, Dance/Electronic;0.906;8;-2.671
The Ting Tings;Shut Up and Let Me Go;171226;2007;107.993;pop, rock, Dance/Electronic;0.927;7;-4.497
*NSYNC;Gone;292000;2001;113.922;pop;0.403;11;-8.564
Wiz Khalifa;Roll Up;227773;2011;125.358;hip hop, pop;0.805;3;-5.473
James Morrison;You Give Me Something;213173;2006;79.753;pop, R&B;0.688;7;-6.496
Dua Lipa;New Rules;212000;2017;116.01;pop;0.72;9;-5.181
JAY-Z;I Just Wanna Love U (Give It 2 Me);227866;2000;98.631;hip hop;0.922;4;-5.125
Enrique Iglesias;Escape;208626;2001;125.972;pop, latin;0.844;11;-5.305
Lil Nas X;Old Town Road;113000;2019;135.998;hip hop, pop;0.53;1;-6.112
Cardi B;Bodak Yellow;223712;2018;125.022;hip hop, pop;0.703;11;-6.337
will.i.am;Heartbreaker;327880;2007;120.051;hip hop, pop;0.549;9;-8.793
Kiiara;Gold;225882;2015;113.049;rock, pop, Dance/Electronic;0.412;8;-9.343
Migos;T-Shirt;242407;2017;139.023;hip hop, pop;0.687;10;-3.744
Russ Millions;Keisha & Becky - Remix;252906;2019;140.969;pop;0.471;6;-9.545
Miley Cyrus;Can't Be Tamed;168213;2010;116.98;pop;0.91;11;-2.919
Nelly;Ride Wit Me;291781;2000;101.875;hip hop, pop, R&B;0.7;7;-6.49
Kiesza;Hideaway;251986;2014;122.993;pop, Dance/Electronic;0.72;7;-4.135
Elliott Yamin;Wait for You;261320;2007;116.027;set();0.487;0;-6.734
Yo Gotti;Rake It Up (feat. Nicki Minaj);276333;2017;149.953;hip hop, pop;0.444;1;-8.126
Nelly Furtado;I'm Like A Bird;243160;2000;89.661;hip hop, pop, latin;0.608;10;-5.085
Ellie Goulding;Burn;231211;2014;87.016;pop, rock, Dance/Electronic;0.777;1;-5.031
Mark Ronson;Stop Me (feat. Daniel Merriweather);232946;2007;118.035;pop;0.906;0;-4.334
Akon;Beautiful;312986;2008;130.015;pop;0.945;0;-4.442
Kygo;Firestone;271640;2016;113.927;pop, Dance/Electronic;0.634;11;-7.374
Kanye West;Touch The Sky;236600;2005;98.56;hip hop;0.846;9;-4.912
Britney Spears;Break the Ice;196053;2007;117.533;pop;0.911;5;-3.866
Khia;My Neck, My Back (Lick It);222560;2015;102.072;pop, R&B;0.625;9;-4.234
A Boogie Wit da Hoodie;Drowning (feat. Kodak Black);209269;2017;129.014;hip hop;0.81;5;-5.274
Chris Brown;Fine China;213666;2013;104.038;hip hop, pop, R&B;0.735;10;-4.758
James Blunt;Bonfire Heart;238000;2013;118.021;pop;0.821;0;-5.7
Orson;No Tomorrow;167493;2006;124.082;pop;0.624;3;-4.623
3OH!3;My First Kiss (feat. Ke$ha);192440;2010;138.021;hip hop, pop, rock;0.889;0;-4.166
Tyler, The Creator;EARFQUAKE;190066;2019;79.635;hip hop;0.498;9;-8.866
Backstreet Boys;Show Me the Meaning of Being Lonely;234960;1999;167.998;pop;0.625;6;-5.088
Axwell /\ Ingrosso;More Than You Know;203000;2017;123.07;pop, Dance/Electronic;0.741;5;-4.989
Kanye West;Gold Digger;207626;2005;93.034;hip hop;0.696;1;-5.572
Zara Larsson;I Would Like;226720;2017;121.028;pop, Dance/Electronic;0.713;2;-3.949
Justin Bieber;Sorry;200786;2015;99.945;pop;0.76;0;-3.669
Cardi B;I Like It;253390;2018;136.048;hip hop, pop;0.726;5;-3.998
ZAYN;Dusk Till Dawn (feat. Sia) - Radio Edit;239000;2017;180.042;pop, Dance/Electronic;0.437;11;-6.589
Sisqo;Thong Song;253733;1999;121.549;hip hop, pop, R&B;0.888;2;-6.959
Jason Derulo;In My Head;199026;2010;110.009;hip hop, pop;0.748;0;-4.15
Ashlee Simpson;Pieces Of Me;217440;2004;174.001;pop;0.799;2;-4.286
Bow Wow;Outta My System (feat. T-Pain & Johntá Austin);238266;2006;83.998;hip hop, pop, R&B;0.59;6;-6.957
Christina Aguilera;Fighter;245960;2002;188.899;pop;0.92;4;-1.357
Vance Joy;Riptide;204280;2014;101.654;rock, pop;0.731;1;-6.694
Usher;Hey Daddy (Daddy's Home);224093;2010;95.975;hip hop, pop, R&B;0.698;11;-4.262
Jeremih;oui;238320;2015;78.521;hip hop, pop, R&B;0.724;5;-3.724
Kelis;Trick Me;206106;2003;107.17;pop, R&B, Dance/Electronic;0.72;1;-3.347
6ix9ine;FEFE;179404;2018;125.978;hip hop;0.387;1;-9.127
Blue;Sorry Seems To Be The Hardest Word;210066;2004;78.955;pop;0.6;7;-6.814
Eminem;The Monster;250188;2013;110.049;hip hop;0.853;1;-3.68
Fat Joe;Make It Rain;247413;2006;149.28;hip hop, pop;0.697;11;-5.063
David Guetta;Titanium (feat. Sia);245040;2012;126.062;hip hop, pop, Dance/Electronic;0.787;0;-3.674
Gorillaz;Clint Eastwood;340920;2001;167.953;hip hop;0.694;10;-8.627
The Chainsmokers;Something Just Like This;247160;2017;103.019;pop, Dance/Electronic;0.635;11;-6.769
2 Chainz;It's A Vibe;210200;2017;73.003;hip hop, pop;0.502;7;-7.38
Black Eyed Peas;Just Can’t Get Enough;219426;2010;94.05;hip hop, pop;0.628;0;-8.685
Kanye West;Jesus Walks;193733;2004;87.312;hip hop;0.834;3;-4.686
Selena Gomez;Good For You;221560;2015;88.928;pop;0.676;5;-6.447
Steps;It's the Way You Make Me Feel;197360;2000;105.006;pop, Dance/Electronic;0.665;8;-5.081
Tweet;Oops (Oh My) [feat. Missy Elliott];237800;2002;159.963;hip hop, pop, R&B;0.536;10;-8.786
Hozier;Take Me To Church;241688;2014;128.945;Folk/Acoustic, pop;0.664;4;-5.303
Fall Out Boy;Dance, Dance;180266;2005;114.452;rock;0.961;11;-3.198
Destiny's Child;Cater 2 U;245400;2004;125.802;pop, R&B;0.584;11;-7.043
Baha Men;Who Let The Dogs Out;198400;2000;129.221;R&B;0.887;0;-4.505
Ed Sheeran;Cross Me (feat. Chance the Rapper & PnB Rock);206186;2019;95.005;pop;0.787;4;-6.373
Jennifer Lopez;Play;211493;2001;104.719;hip hop, pop, R&B;0.729;1;-4.229
Selena Gomez;Kill Em With Kindness;217906;2015;120.012;pop;0.884;10;-5.488
Snoop Dogg;Beautiful;299146;2005;101.025;hip hop, pop;0.74;11;-4.936
Gorillaz;Feel Good Inc.;222640;2005;138.559;hip hop;0.705;6;-6.679
D12;My Band;298773;2004;120.014;hip hop, pop, rock;0.849;1;-3.383
Sean Paul;Gimme the Light;228000;2002;107.288;hip hop, pop;0.761;2;-5.529
Taylor Swift;Cruel Summer;178426;2019;169.994;pop;0.702;9;-5.707
Ja Rule;Always On Time;245133;2001;96.673;hip hop, pop, R&B;0.706;5;-6.104
M.O;Bad Vibe;214253;2018;110.009;pop, Dance/Electronic;0.701;10;-4.428
Bruno Mars;When I Was Your Man;213826;2012;72.795;pop;0.28;0;-8.648
Jay Rock;King's Dead (with Kendrick Lamar, Future & James Blake);229670;2018;137.133;hip hop, pop;0.705;1;-5.008
Big Shaq;Man's Not Hot;186026;2017;135.048;pop, Dance/Electronic;0.884;0;-4.076
Ellie Goulding;Lights - Single Version;210853;2010;120.008;pop, rock, Dance/Electronic;0.795;8;-6.17
Lady Gaga;Bad Romance;294573;2009;119.001;pop;0.921;0;-3.755
Migos;MotorSport;303076;2018;137.996;hip hop, pop;0.518;2;-5.32
MGMT;Little Dark Age;299960;2018;97.512;rock;0.712;6;-6.156
The Fray;Never Say Never;256613;2009;160.139;pop;0.492;8;-5.767
MK;17;196489;2017;122.029;pop, Dance/Electronic;0.832;0;-7.202
Shawn Mendes;There's Nothing Holdin' Me Back;199440;2017;121.996;pop;0.8;2;-4.035
Mike Posner;I Took A Pill In Ibiza - Seeb Remix;197933;2016;101.969;hip hop, pop, Dance/Electronic;0.714;7;-6.645
Rihanna;Bitch Better Have My Money;219305;2015;102.99;hip hop, pop, R&B;0.728;1;-4.981
Craig David;Don't Love You No More (I'm Sorry);243986;2005;100.113;hip hop, pop, R&B;0.558;7;-7.076
Coldplay;Every Teardrop Is a Waterfall;240796;2011;117.98;rock, pop;0.732;9;-6.883
DJ Casper;Cha Cha Slide - Hardino Mix;222146;2004;131.012;set();0.911;11;-6.722
Neon Trees;Animal;212306;2010;147.99;rock, pop;0.829;5;-5.576
Drake;The Motto;181573;2011;201.8;hip hop, pop, R&B;0.442;1;-8.558
The Weeknd;I Feel It Coming;269186;2016;92.987;pop, R&B;0.819;0;-5.946
Coldplay;Paradise;278719;2011;139.631;rock, pop;0.585;5;-6.761
Jason Derulo;Trumpets;217306;2013;81.897;hip hop, pop;0.703;0;-4.884
Stormzy;Vossi Bop;196266;2019;188.115;hip hop, Dance/Electronic;0.653;8;-6.062
Tove Lo;Cool Girl;197815;2016;101.983;pop, Dance/Electronic;0.71;9;-7.042
21 Savage;Bank Account;220306;2017;75.016;hip hop;0.347;8;-8.227
Beyoncé;Best Thing I Never Had;253746;2011;99.099;pop, R&B;0.649;6;-4.062
Katy Perry;Hot N Cold;220226;2008;132.032;pop;0.841;7;-3.956
Drake;Hotline Bling;267066;2016;134.96;hip hop, pop, R&B;0.62;2;-8.094
Drake;Pop Style;212946;2016;133.053;hip hop, pop, R&B;0.462;7;-10.027
Selena Gomez;The Heart Wants What It Wants;227360;2014;83.066;pop;0.789;7;-4.874
Chip;Champion (feat. Chris Brown);237293;2011;190.151;hip hop, Dance/Electronic;0.934;6;-2.914
Twista;Slow Jamz;316053;2004;145.115;hip hop, pop, R&B;0.733;2;-5.659
Peking Duk;High (feat. Nicole Millar);228000;2014;100.094;Dance/Electronic;0.803;0;-4.052
Justin Bieber;Baby;214240;2010;65.043;pop;0.859;5;-5.237
DaBaby;Suge;163320;2019;75.445;hip hop;0.662;2;-6.482
Jonas Blue;Fast Car;212424;2015;113.901;pop, Dance/Electronic;0.587;9;-6.983
Ashley O;On A Roll;154447;2019;125.011;set();0.81;5;-6.354
Adele;Hello;295502;2015;157.98;pop, R&B;0.431;5;-6.129
Linkin Park;Faint;162600;2003;135.095;rock, metal;0.978;4;-3.554
J Balvin;Mi Gente;189029;2017;104.237;latin;0.701;11;-4.862
Bodyrockers;I Like The Way - Radio Edit;200053;2005;127.988;rock, Dance/Electronic;0.851;6;-3.638
Bomfunk MC's;Freestyler;306333;2000;163.826;pop;0.922;11;-5.798
Daft Punk;One More Time;320357;2001;122.746;hip hop, Dance/Electronic;0.697;2;-8.618
Lady Gaga;LoveGame;216333;2008;105.024;pop;0.678;6;-5.611
Meck;Thunder in My Heart Again (Radio Edit);189800;2005;129.016;set();0.922;2;-4.67
Nelly;Hey Porsche;209466;2013;115.995;hip hop, pop, R&B;0.795;9;-4.653
Wale;Bad (feat. Rihanna) - Remix;238826;2013;114.038;hip hop, pop, R&B;0.702;6;-6.594
Ronan Keating;Lovin' Each Day;212973;2000;106.676;pop, rock;0.899;1;-6.261
Geri Halliwell;It's Raining Men;254640;2001;136.482;pop;0.929;5;-6.03
Nelly;Grillz;271160;2005;82.996;hip hop, pop, R&B;0.504;4;-7.737
Aaliyah;More Than A Woman;230346;2002;86.994;hip hop, pop, R&B;0.638;11;-5.803
Outkast;The Way You Move (feat. Sleepy Brown);234000;2003;125.999;hip hop, pop;0.597;5;-4.932
Avril Lavigne;Girlfriend;216600;2007;163.983;pop;0.959;7;-2.433
Ellie Goulding;Starry Eyed;176613;2010;149.967;pop, rock, Dance/Electronic;0.814;5;-5.346
Brian McFadden;Almost Here;229826;2004;77.984;set();0.452;9;-7.324
Keri Hilson;Pretty Girl Rock;243920;2010;160.014;pop, R&B;0.87;11;-5.004
Train;Drive By;195973;2012;122.028;pop;0.837;1;-3.113
Kesha;We R Who We R;204760;2010;119.95;pop, Dance/Electronic;0.817;8;-4.9
Selena Gomez;Same Old Love;229080;2015;98.02;pop;0.593;11;-4.01
Christina Milian;Dip It Low;197186;2004;169.131;hip hop, pop, R&B;0.722;11;-4.207
Pretty Ricky;On the Hotline - Amended Version;242586;2007;92.988;hip hop, pop, R&B;0.854;10;-5.477
ScHoolboy Q;Hands on the Wheel (feat. Asap Rocky);197131;2012;127.839;hip hop, pop;0.784;1;-7.471
Robbie Williams;Eternity;302760;2001;77.967;pop, rock;0.316;10;-8.106
Bastille;Of The Night;214205;2013;125.01;pop, rock;0.829;5;-7.2
Lady Gaga;Poker Face;237200;2008;118.999;pop;0.806;4;-4.62
Rihanna;Russian Roulette;227533;2009;80.051;hip hop, pop, R&B;0.486;6;-5.754
Jay Sean;Eyes On You - Radio Mix;190493;2004;96.525;hip hop, pop, R&B;0.672;7;-4.971
Sammie;I Like It;251040;2000;129.963;hip hop, pop, R&B;0.656;9;-8.529
Estelle;American Boy;284733;2008;117.932;R&B;0.729;0;-2.99
Klaxons;Golden Skans;165120;2007;141.955;rock;0.836;2;-2.776
Black Eyed Peas;Don't Phunk With My Heart;239773;2005;130.889;hip hop, pop;0.928;5;-2.76
Eric Prydz;Pjanoo - Radio Edit;157432;2008;125.99;pop, Dance/Electronic;0.874;7;-4.949
Armin van Buuren;This Is What It Feels Like;204360;2013;129.885;pop, Dance/Electronic;0.833;8;-5.217
Red Hot Chili Peppers;Dani California;282160;2006;96.184;rock;0.913;0;-2.36
Young T & Bugsey;Strike a Pose (feat. Aitch);214203;2019;137.776;hip hop;0.581;1;-5.801
Marilyn Manson;Tainted Love;200426;2003;142.017;rock, metal;0.876;8;-7.779
Taylor Swift;Blank Space;231826;2014;95.997;pop;0.703;5;-5.412
James Morrison;Broken Strings;250453;2008;111.91;pop, R&B;0.717;1;-4.914
Ludacris;Money Maker;230613;2006;78.756;hip hop, pop;0.598;1;-6.79
Cobra Starship;You Make Me Feel... (feat. Sabi);215693;2011;131.959;pop, Dance/Electronic;0.857;7;-2.944
Jason Derulo;Whatcha Say;221253;2010;144.036;hip hop, pop;0.711;11;-5.507
Girls Aloud;Jump;220360;2003;134.465;pop, Dance/Electronic;0.826;8;-6.031
Example;Kickstarts;181826;2010;126.056;pop, Dance/Electronic;0.836;5;-4.455
M.O.P.;Cold as Ice;244466;2000;85.565;hip hop;0.88;11;-5.425
The Game;Hate It Or Love It;206400;2005;99.998;hip hop, pop;0.785;9;-4.781
The Weeknd;Pray For Me (with Kendrick Lamar);211440;2018;100.584;pop, R&B;0.677;2;-4.979
Lana Del Rey;Lust for Life (with The Weeknd);264011;2017;99.979;pop;0.676;0;-8.618
Flo Rida;Low (feat. T-Pain);231400;2008;128.008;hip hop, pop;0.609;10;-5.64
Lil Tecca;Ransom;131240;2019;179.974;hip hop;0.642;7;-6.257
Nicki Minaj;Pound The Alarm;205640;2012;125.055;hip hop, pop;0.858;9;-3.686
Tove Lo;Talking Body;238426;2014;119.999;pop, Dance/Electronic;0.761;4;-5.449
Burak Yeter;Tuesday (feat. Danelle Sandoval);241874;2016;99.002;Dance/Electronic;0.639;9;-6.052
6ix9ine;GUMMO;157643;2018;157.036;hip hop;0.775;2;-4.926
Taylor Swift;Wildest Dreams;220440;2014;140.06;pop;0.664;8;-7.417
Amerie;1 Thing;238746;2008;125.085;hip hop, pop, R&B;0.946;10;-4.683
DJ Snake;Turn Down for What;213733;2013;100.014;hip hop, pop, Dance/Electronic;0.799;1;-4.1
Enya;Only Time;218546;2000;82.803;World/Traditional, Folk/Acoustic;0.249;3;-13.744
JAY-Z;Young Forever;253906;2009;140.329;hip hop;0.69;9;-3.214
T.I.;Live Your Life;338853;2008;159.841;hip hop, pop;0.862;11;-3.363
Britney Spears;My Prerogative;213893;2004;111.014;pop;0.938;10;-4.423
Imagine Dragons;Demons;177506;2012;89.938;rock;0.71;3;-3.015
Christina Perri;human;250706;2013;143.808;pop;0.489;8;-6.286
Avril Lavigne;Sk8er Boi;204000;2002;149.937;pop;0.9;0;-4.417
J. Holiday;Suffocate - Superclean;220053;2007;82.82;hip hop, pop, R&B, Dance/Electronic;0.445;9;-8.391
Ciara;Goodies (feat. Petey Pablo);223000;2004;102.017;pop, R&B;0.647;5;-6.306
Billie Eilish;lovely (with Khalid);200185;2018;115.284;pop, Dance/Electronic;0.296;4;-10.109
A.R. Rahman;Jai Ho! (You Are My Destiny);222400;2009;136.202;set();0.941;8;-3.919
Baby Bash;Suga Suga;239026;2003;82.331;hip hop, pop, R&B, latin;0.748;5;-3.041
Lady Gaga;Shallow;215733;2018;95.799;pop;0.385;7;-6.362
Ariana Grande;boyfriend (with Social House);186106;2019;190.097;pop;0.795;10;-3.731
Rich The Kid;Plug Walk;175229;2018;94.981;hip hop, pop;0.519;11;-6.531
Post Malone;Congratulations;220293;2016;123.146;hip hop;0.804;6;-4.183
Nelly;Air Force Ones;304000;2002;164.062;hip hop, pop, R&B;0.459;4;-9.74
Natasha Bedingfield;Pocketful of Sunshine;203440;2008;110.019;pop;0.881;9;-3.892
will.i.am;#thatPOWER;279506;2013;127.999;hip hop, pop;0.608;6;-6.096
Ayo & Teo;Rolex;238586;2017;144.946;hip hop, pop;0.886;1;-2.512
Katy Perry;Chained To The Rhythm;237733;2017;95.029;pop;0.8;0;-5.404
David Guetta;When Love Takes Over (feat. Kelly Rowland);191000;2010;129.967;hip hop, pop, Dance/Electronic;0.862;11;-4.614
Blake Shelton;Sure Be Cool If You Did;215720;2013;136.802;country;0.726;11;-4.625
KT Tunstall;Suddenly I See;201706;2005;100.38;World/Traditional, pop, Folk/Acoustic;0.767;0;-5.713
